titles,rating,link
Spider-Man: No Way Home (2021),8.6,/watch/?v=DbbbBovpbBbIbBobsIluVoQgBaAbBIBbBovNbBbIbBFIFYysPbbywIVyyFbBIBbBpvmBbIbBfovpTyPGmrboGrouGpbBIBbBunrwovPuYBbIFswFIFBFAoFyyywIBbBTuSuToQWVBbIbbbBTPdbBbIbBoFvpEmbXDooBozSuybHmTovmbBIBbBPGxbBbIbByPGXpTboNFYBbwbw&h=133c7e376959704d350df372f94354da
The Adam Project (2022),7.1,/watch/?v=YhhheGZiZGdXVrehQhhheGlEhehQhedDSKbNhxMddedkiZfhzNGdSNheQehelpIhehQheflpxKGhdcDWehYQeheZvoYdSlZWehQDnYDQDeDUdDfffeQehedSKhehQheSwTzfulgdZELheQeheKSNehQhesdSKGflpNohdpodZpKheQehedSchehQheDQDWfnlhhfYQrffDhehY&h=c8963fc055fb938698aaff91a43ef3f7
Turning Red (2022),7.1,/watch/?v=xWWWStwKWSWAWSrArjsTcWWsmAGssrWSASWSiEYEithZGSWAWWWSicDWSWAWStrwCLqWyOttStPYEsWIqitwqWSASWScgHWSWAWSscgyCiWtKrjSWmASWStwCWSWAWSqzjAtrApqpBtpSASWSEBzmtwcEjSWArTmrArSrNtrssNtASWSCwqSWAWSutwCiscgqzWtgztEgCWSWm&h=1daa50e30a8667cc7fb4286166f83058
Dog (2022),6.7,/watch/?v=SVVVXTGxXViVXISGTrfPQxjVSQjSpQTVXiXVXrpOprSUoZXViVVVXrPYVXViVXStGTDxVBNSSXSzOpfVqxrSGxVXiXVXPQcVXViVXfPQBTrVSKteXVLiXVXSGTVXViVXRKOoISLSUGltZXiXVXpEjLSGPpeXVitmLtitXtsStffsSiXVXSGKVXViVXtitefmPVVfLiZfftVXVL&h=bc486444b85c8279f03d13ce557b6734
Uncharted (2022),6.7,/watch/?v=rfffiVqyifMfiSPqVnpgOyTfPOTPQOVfiMifiQoTKPqgQGifMFRKFMFiFrPFpprYifinQbQnPLlHifMfffingmfifMfiPFqVkyfWzPPiPtbQpfeynPqyfiMifigODfifMfipgOWVnfPjFGifKMifiPqjfifMfiFMFGpRgffpKMHppFfiMifiPqVfifMfitbcDYqrQAPKgfifK&h=673c59672e200191818ff5970da5d55c
The Batman (2022),8.5,/watch/?v=NaaapBKnKBmkvNpaqaaapBxMapaqapmVDwtYahQmmpminKzaGYBmDYapqpapxgIapaqapzxghwBamdVupaUqpapwDYpaqapSmDwBzxgYLamgLmKgwapqpapKeLUmDxKupaqVcUVqVpVsmVzzVVOpapmDwapaqapVUOhjHTvuIVUapqpapmDdapaqapVqVuzcxaazUqNzzVapaU&h=a049d1724386232c0661226b83cf1395
ريتسا (2021),6.0,/watch/?v=BeeezsVPVsiWyuzeSeeezsaEezeSezitUAXgeOkiizijPVfeZgsiUgezSzezaDpezeSezfaDOAseiYtTzemSzezVhHmiUaVTzeStrmtStztBitffttczeziUAezeSezRxlBEhaGjqezSzeziUYezeSeztStTfraeefmSufftezSzezAUgzeSezxiUAsfaDgHeiDHiVDAezem&h=6a6373aecf411e86ec129cbd8924c538
عروستي (2021),6.4,/watch/?v=FUUUczDxDzheICcUFUUUczdoUcUFUchEZskWUwjhhchLxDrUBWzhZWUcFcUcdPnUcUFUcrdPwszUhMEXcUfFcUchZsUcUFUcEUzySIhxFFgNXcFcUcDiNfhZdDXcUFEKfEFEcEthErrEEOcUcsZWcUFUcGhZszrdPWNUhPNhDPsUcFcUchZMUcUFUcEFEXrKdUUrfFCrrEUcUf&h=7ddcf2d0f08ac11e228c0b18ba6e2b87
Blacklight (2022),4.7,/watch/?v=AgggABXEAgDgAyvXBtWNsEIgvsIvLsBgADAgAvXBgAgDgAvDDvYhvMHjvHHZvAgADAgAvXwgAgDgAHDHlWONggWMDnWWHgADAgALdIMvXNLlAgDHOMHDHAHkvHWWHHkAgAtLhLtvcUnAgDgggAtNzgAgDgAvHXBrEgRjvvAvQhLWgoEtvXEgADAgANsSgAgDgAWNsRBtgvwHlAgMgM&h=076beaaca904828d9eb5ec2a80e8d2bf
البعض لا يذهب للمأذون مرتين (2021),6.7,/watch/?v=vNNNZuPdNZNpNZlplDYIfNNYFpEYYlNZpZNZRHjHRuUkEZNpNNNZRfGNZNpNZulPhWiNqouuZuyjHYNtiRuPiNZpZNZfvzNZNpNZYfvqhRNudlDZNFpZNZhPiZNpNZxuPhRYfviQNuvQuHvhNZpZNZuPhNZNpNZHSFlZpsNWqKYNbNZpZNZHLQFuPfHDZNplIFlplZlXulYYlliF&h=5bddff23147085fe59c85cf821ee2b95
Tomb Raider (2018),6.3,/watch/?v=NaaapwDYpaqapSmDwBzxgYLamgLmKgwapqpapBKnKBmkvNpaqaaapBxMapaqapmVDwtYahQmmpminKzaGYBmDYapqpapxgIapaqapzxghwBamdVupaUqpapmDwapaqapvQmVEVnfqVsHPpqpapKeLUmDxKupaqVcUVqVpVsmVzzVVVqpapmDdapaqapVqVuzcxaazUqNzzVapaU&h=15022647fb99cae7ac050b85e211749d
Exploited (2022),6.8,/watch/?v=DbbbBovNbBbIbBFIFYysPbbywIVyyFbBIBbBpvmBbIbBfovpTyPGmrboGrouGpbBIBbBunrwovPuYBbIFswFIFBFAoFyyFFIIBbBTuSuToQWVBbIbbbBTPdbBbIbBoFvpEmbXDooBozSuybHmTovmbBIBbBPGxbBbIbByPGXpTboNFYBbwIBbBovpbBbIbBLmoguqaUoTBqbBbw&h=2b1225932e8ad6faed43a724a4470e4d
